{
  "Posts": "पदों",
  "Comments": "टिप्पणियाँ",
  "Albums": "एलबम",
  "Logo": "प्रतीक चिन्ह",
  "Language": "भाषा",
  "Logout": "लॉग आउट",
  "UserID": "उपयोगकर्ता पहचान",
  "ID": "पहचान",
  "Title": "शीर्षक",
  "Body": "शरीर",
  "Action": "कार्य",
  "PostId": "पोस्टआईडी",
  "Name": "नाम",
  "Email": "ईमेल",
  "Register": "पंजीकरण",
  "Reset": "रीसेट",
  "Login": "लॉग इन",
  "English": "अंग्रेज़ी",
  "Hindi": "हिंदी",
  "Dashboard": "डैशबोर्ड"
}
